Customer ID,Company Name,Contact Person Name,Email,Phone,Shipment Requirement,Product / Commodity Type,Industry Type,Source Location / Country,Source State,Source City,Destination Location / Country,Destination State,Destination City,Distance to be Covered (Km),Rate / Quote Requested ($),Date of Inquiry,Priority Level,Lead Source,Status,Expected Ship Date,Follow Up Date,Next Action
802B5DC2,Sparks PLC,Jimmy Hobbs,robertwood@example.org,2755195349,Container (40ft),Chemicals,Agriculture,USA,CA,Houston,Chile,,Richmond,4342,1153.68,2025-08-29,High,Cold Call,Closed Lost,2025-11-15,2025-10-21,Close
93847F3A,"Taylor, Kelly and Brown",Nichole Phillips,barneschristopher@example.com,651-587-0803,Express Delivery,Construction Materials,Healthcare,Mexico,,New York,USA,NJ,Indianapolis,3910,734.67,2025-09-23,Urgent,Social Media,New,2025-11-05,2025-10-23,Email
034B82CD,Romero-Wallace,Gina Woodward MD,mkoch@example.com,+1-918-407-0111,Container (20ft),Industrial Equipment,Electronics,South Korea,,Memphis,South Korea,,Charleston,1580,622.82,2025-09-08,Medium,Website,Qualified,2025-11-09,2025-10-18,Close
BF603C75,Smith and Sons,Julie Briggs,amybarnes@example.com,(961)642-1541,Drayage,Electronics,Agriculture,Germany,,New York,Belgium,,Pittsburgh,5601,4933.09,2025-08-24,High,Email Campaign,Negotiating,2025-11-09,2025-10-23,Follow-up
26268692,"Pittman, Lang and Page",Jonathan Wilkinson,adampeterson@example.org,301.563.5084x017,Intermodal,Construction Materials,Energy,China,,Richmond,Australia,,Cleveland,7926,3163.42,2025-10-14,Medium,Email Campaign,Proposal Sent,2025-10-27,2025-10-21,Proposal
A978EE2E,Foster Inc,Natalie Foster,austinwatson@example.org,233-721-3671,Rail Freight,Chemicals,Pharmaceuticals,Italy,,Miami,India,,Birmingham,3516,2455.44,2025-09-16,High,Trade Show,Closed Lost,2025-10-19,2025-10-21,Email
803D2372,"Mitchell, Wells and Collins",Diana Herrera,katherine73@example.com,(425)469-3076x2250,Express Delivery,Pharmaceuticals,Energy,USA,AL,Charleston,Brazil,,Memphis,5518,1948.22,2025-08-26,Urgent,Email Campaign,Negotiating,2025-11-12,2025-10-21,Close
D44485FD,White-Hardy,Shawn Smith,andersontracy@example.com,(550)230-9598,Rail Freight,Pharmaceuticals,Energy,USA,PA,Richmond,India,,Los Angeles,2888,3549.36,2025-09-22,Medium,Trade Show,Proposal Sent,2025-11-10,2025-10-22,Follow-up
4EF616E4,Foster-Franklin,Craig Daniels,oingram@example.net,466-992-8535x05471,Express Delivery,Electronics,Energy,UK,,Seattle,Chile,,Cleveland,6675,775.44,2025-09-03,Urgent,Google Ads,Proposal Sent,2025-10-24,2025-10-19,Proposal
708E5A77,"Gonzalez, Dougherty and Smith",Deborah Sanchez,amanda70@example.net,+1-609-694-0977x9129,Container (20ft),Electronics,Manufacturing,France,,New York,Germany,,Charleston,6018,2126.98,2025-09-28,Low,Trade Show,Closed Lost,2025-11-04,2025-10-22,Follow-up
7D996B3B,Sharp Group,Joe Poole,sotocharles@example.com,272.440.7736x09361,Air Freight,Pharmaceuticals,Energy,Belgium,,Houston,Italy,,Cleveland,5155,795.34,2025-08-29,Urgent,Referral,Closed Won,2025-10-24,2025-10-21,Proposal
4DAD2CBA,Williams-Washington,Shannon Brown,terryjordan@example.com,+1-375-577-0709x98210,Express Delivery,Pharmaceuticals,Healthcare,Belgium,,Charleston,Japan,,Memphis,6870,3854.5,2025-09-22,Medium,Social Media,Closed Won,2025-10-17,2025-10-17,Follow-up
4B63F7B2,"Mendoza, Mcfarland and Alvarez",Michael Diaz,adammills@example.com,234-251-2020x0431,FTL (Full Truck Load),Consumer Goods,Construction,Spain,,Cleveland,Australia,,Detroit,7931,2137.07,2025-10-04,High,Google Ads,New,2025-11-05,2025-10-22,Meeting
C3E945D8,"Brown, Williams and Hall",Timothy Thomas,gwoods@example.net,879-817-2836x5612,LTL (Less Than Truckload),Textiles,Energy,UK,,Los Angeles,Argentina,,Charleston,3766,4834.42,2025-10-12,High,Referral,Negotiating,2025-10-28,2025-10-19,Follow-up
DB813D0D,"House, Wyatt and Sanders",David Russell,lguzman@example.com,001-293-612-9753,Rail Freight,Machinery,Electronics,Argentina,,Miami,Germany,,Memphis,3089,1369.4,2025-09-25,Low,Website,New,2025-10-31,2025-10-21,Meeting
1E3D81E7,Tyler and Sons,Elijah Hudson,gloria64@example.com,(430)995-1249x380,Express Delivery,Machinery,Food & Beverage,Italy,,Charleston,India,,Pittsburgh,1120,3166.53,2025-09-26,Urgent,Email Campaign,Closed Won,2025-11-14,2025-10-18,Email
7C706487,Krueger LLC,Victoria Reyes,grant29@example.org,+1-216-959-9836x390,Air Freight,Automotive Parts,Manufacturing,Spain,,Birmingham,Germany,,Atlanta,1334,629.53,2025-09-26,Medium,Website,New,2025-10-30,2025-10-23,Proposal
5F6F139B,Green-Watson,Sharon Jordan,simpsonjennifer@example.com,(572)793-0917x011,FTL (Full Truck Load),Automotive Parts,Construction,Netherlands,,Birmingham,Brazil,,Detroit,6369,2504.98,2025-09-15,Urgent,LinkedIn,Closed Won,2025-10-20,2025-10-23,Close
9A4C94BC,Roach-Carrillo,Kelly Wheeler,wwilliams@example.org,(492)267-2081,Container (20ft),Industrial Equipment,Energy,China,,Pittsburgh,Brazil,,Charlotte,5047,675.82,2025-09-01,Urgent,Trade Show,Closed Lost,2025-11-14,2025-10-17,Call
0EC149C7,Buck Group,Kathy Pearson,tiffany96@example.net,+1-640-335-4906x823,Intermodal,Textiles,Chemicals,Belgium,,Seattle,UK,,New York,3399,4155.88,2025-09-10,Urgent,Cold Call,Closed Lost,2025-11-14,2025-10-23,Follow-up
0157220C,Hernandez Inc,Brian Fitzpatrick,kellyparks@example.org,3178136008,LTL (Less Than Truckload),Raw Materials,Manufacturing,Italy,,Los Angeles,Australia,,Indianapolis,6584,4225.21,2025-09-18,High,Email Campaign,In Progress,2025-11-01,2025-10-21,Call
499092CB,Reynolds and Sons,Derek Fowler Jr.,gibsonspencer@example.com,(726)221-3752,Container (40ft HC),Pharmaceuticals,Food & Beverage,USA,GA,Birmingham,Brazil,,Houston,2032,2233.43,2025-09-28,High,Referral,In Progress,2025-11-14,2025-10-21,Proposal
B46DD519,Norman PLC,Kelly Barajas,lambertjames@example.net,+1-550-800-4687x2059,FTL (Full Truck Load),Automotive Parts,Construction,Italy,,New York,UK,,Newark,6658,3629.57,2025-09-26,High,Email Campaign,Qualified,2025-10-19,2025-10-20,Meeting
237C639E,Hudson-Dyer,Sharon Collins,nross@example.com,(368)537-7319x937,FTL (Full Truck Load),Consumer Goods,Automotive,India,,Houston,Canada,,Phoenix,7887,3913.12,2025-09-17,Urgent,Trade Show,In Progress,2025-10-23,2025-10-17,Meeting
721812A6,"Cervantes, Mendez and Wallace",Ruth Miller,hannahanderson@example.net,350.736.1529x050,Intermodal,Pharmaceuticals,Healthcare,Canada,,Richmond,Australia,,Pittsburgh,2894,4098.97,2025-09-19,Low,Social Media,New,2025-10-19,2025-10-19,Email
8C0BEE58,"White, Meyer and Bruce",Dr. Ryan Torres,montgomerylisa@example.com,(711)624-5728x45788,Intermodal,Machinery,Healthcare,Brazil,,Chicago,Canada,,Cleveland,5294,1834.6,2025-09-24,Medium,Trade Show,Proposal Sent,2025-11-08,2025-10-22,Email
53617509,"Greene, Stevens and Pena",Jeremy Soto,chapmanlisa@example.com,9245755055,Intermodal,Industrial Equipment,Construction,Belgium,,Phoenix,Italy,,Atlanta,4505,2833.72,2025-08-31,Low,Google Ads,Closed Lost,2025-11-15,2025-10-21,Email
557E884D,"Boone, Morrison and Rivera",Susan Khan,solomonbrian@example.org,(284)600-4768,Air Freight,Automotive Parts,Healthcare,Mexico,,Phoenix,USA,SC,Miami,5845,1022.19,2025-10-05,Medium,Cold Call,Qualified,2025-10-23,2025-10-20,Close
FC79E332,Baker-Yu,Jose Schultz,arthurbenitez@example.net,(209)349-4400,Container (40ft),Agricultural Products,Chemicals,USA,NJ,Seattle,Spain,,Newark,6681,3777.18,2025-08-27,High,Google Ads,New,2025-11-12,2025-10-22,Close
DC936D22,Wheeler PLC,Andrew Ellison,xgarcia@example.com,987.986.7890x51438,Intermodal,Textiles,Construction,Canada,,New York,Canada,,Cleveland,1788,3234.35,2025-08-23,High,Referral,Closed Lost,2025-10-21,2025-10-20,Close
6178737B,"Carter, Hicks and Elliott",Mary Brown,tomsosa@example.net,+1-352-677-7515x05051,Intermodal,Machinery,Construction,Argentina,,Detroit,Australia,,Phoenix,1160,3528.42,2025-10-02,Urgent,Email Campaign,Negotiating,2025-11-09,2025-10-20,Meeting
01CC9CCB,Martinez and Sons,Dr. Caleb Newman,ochoamaria@example.net,+1-315-999-4918,Intermodal,Raw Materials,Automotive,Brazil,,Pittsburgh,Canada,,Atlanta,4916,3463.48,2025-09-21,Urgent,Google Ads,Proposal Sent,2025-11-02,2025-10-17,Meeting
45B77533,"Mata, Pearson and Page",Mrs. Rhonda Elliott,kyle60@example.com,001-999-225-0501x882,Container (40ft),Consumer Goods,Automotive,France,,Detroit,Mexico,,Seattle,1302,2102.27,2025-09-08,Low,Google Ads,Qualified,2025-10-27,2025-10-17,Email
E4AD78AA,"Hayes, Simpson and Kim",Jacob Anderson,eileenharris@example.com,(228)563-2850x630,Container (40ft HC),Pharmaceuticals,Automotive,Australia,,Atlanta,Netherlands,,Charleston,6298,4854.61,2025-08-30,Low,Referral,Qualified,2025-10-28,2025-10-20,Call
B932787A,Rodriguez-Salinas,Brent Diaz,nicholas09@example.com,931-372-4966x69503,Intermodal,Raw Materials,Electronics,Germany,,Atlanta,Germany,,Chicago,211,855.77,2025-09-28,Low,Cold Call,Negotiating,2025-10-30,2025-10-20,Meeting
D61A6E21,"Davis, Sullivan and Bass",William Stuart,joseph59@example.org,928.750.1528,Express Delivery,Consumer Goods,Electronics,Spain,,Atlanta,France,,Philadelphia,4315,4091.31,2025-10-03,Medium,Social Media,Negotiating,2025-10-18,2025-10-21,Call
58E259C1,Ramos LLC,Ms. Nichole Lee MD,hbell@example.net,934-201-9569x2316,Drayage,Machinery,Pharmaceuticals,France,,Charlotte,China,,Los Angeles,3990,4693.83,2025-08-25,High,Social Media,Proposal Sent,2025-11-01,2025-10-23,Close
A98C85E9,"Shaw, Odonnell and Mitchell",Patrick Chen,millertimothy@example.org,(718)516-0829x043,Container (40ft HC),Consumer Goods,Retail,UK,,Philadelphia,Australia,,Atlanta,6185,2445.7,2025-08-21,High,Social Media,Closed Won,2025-10-31,2025-10-22,Close
E31C318C,"Evans, Frank and Dyer",Lisa Jenkins,wacosta@example.net,876.637.5852,Air Freight,Consumer Goods,Manufacturing,Netherlands,,Charlotte,Mexico,,Atlanta,3004,4801.26,2025-09-01,High,Website,Closed Lost,2025-10-19,2025-10-21,Meeting
F38781A6,Neal Ltd,Jenny Miller,nmiranda@example.org,873.803.2405x4537,Rail Freight,Raw Materials,Chemicals,India,,Atlanta,USA,MS,Detroit,4653,2870.86,2025-09-18,Urgent,Email Campaign,Closed Lost,2025-11-13,2025-10-22,Close
04669249,"Beltran, Watts and Neal",Jennifer Wright,katrina30@example.org,(583)711-3240x8435,FTL (Full Truck Load),Food & Beverages,Automotive,Belgium,,Birmingham,Spain,,Houston,1354,1440.5,2025-09-30,High,Website,In Progress,2025-11-15,2025-10-17,Close
8AFFEBA8,Morgan-Gonzalez,Meagan Dunn,gwendolynmorris@example.net,803.948.0864x890,Air Freight,Machinery,Food & Beverage,Brazil,,Charleston,Canada,,Houston,4118,1646.38,2025-09-15,Urgent,Referral,Proposal Sent,2025-10-26,2025-10-19,Close
A901C62D,"Calhoun, Owens and Knight",Jonathan Johnson,vanessagray@example.net,(843)808-3030x97299,Express Delivery,Food & Beverages,Retail,Spain,,New York,Mexico,,Memphis,5796,608.65,2025-08-27,High,Email Campaign,Qualified,2025-10-19,2025-10-17,Proposal
DCC68FC2,Campbell-Bryant,Chris Ramos,mario09@example.net,3698088679,LTL (Less Than Truckload),Food & Beverages,Energy,UK,,Cleveland,Italy,,Charlotte,4301,4546.91,2025-10-07,Urgent,Trade Show,Closed Won,2025-11-06,2025-10-20,Follow-up
589535C2,Campbell-Riley,Philip Scott,franklindavid@example.com,(488)775-1859,Drayage,Consumer Goods,Pharmaceuticals,Germany,,Newark,Spain,,Detroit,7781,2136.62,2025-10-15,Urgent,Google Ads,Negotiating,2025-10-31,2025-10-23,Proposal
0904F7B0,Bowman LLC,Cindy Castillo,christine47@example.org,(727)302-7844x7403,Container (40ft HC),Construction Materials,Manufacturing,China,,Newark,Italy,,Miami,7572,2772.97,2025-09-27,Urgent,Website,Negotiating,2025-10-17,2025-10-20,Follow-up
3888EEF8,"Martinez, Roberts and Huffman",Walter Gibson,egriffin@example.net,203.690.9284x972,Air Freight,Raw Materials,Retail,Canada,,New York,India,,Indianapolis,7325,2841.29,2025-09-06,Medium,Website,New,2025-10-18,2025-10-18,Proposal
B47EB59B,"Wheeler, Patterson and Hernandez",Annette Sanders,ryanellen@example.net,829.259.7704x5699,Intermodal,Consumer Goods,Energy,Australia,,New Orleans,Belgium,,Richmond,3349,661.34,2025-10-09,Medium,Referral,Qualified,2025-11-14,2025-10-22,Proposal
BEA48DDF,Franklin Inc,Trevor Lindsey,rhodesricky@example.com,961-783-2252,Rail Freight,Textiles,Energy,Germany,,Houston,India,,Los Angeles,1827,1132.1,2025-09-26,Urgent,Trade Show,In Progress,2025-11-07,2025-10-20,Call
C086D5FA,"Monroe, Alexander and Smith",Sarah Lee,carolyndominguez@example.org,658.975.4449,Drayage,Construction Materials,Technology,India,,Philadelphia,USA,WA,Los Angeles,6990,3674.91,2025-08-25,High,Google Ads,In Progress,2025-10-25,2025-10-19,Call
C140A2E7,Lee Inc,Jillian Newman,william06@example.net,905-251-6906x97487,Container (40ft HC),Automotive Parts,Energy,Netherlands,,New York,China,,Cleveland,4097,621.33,2025-08-31,Medium,Google Ads,Proposal Sent,2025-11-03,2025-10-18,Follow-up
86C4C414,Rodriguez Group,Nathan Brown,michaelanderson@example.net,+1-469-466-9797x837,FTL (Full Truck Load),Textiles,Technology,Italy,,Birmingham,Australia,,Philadelphia,7111,3053.46,2025-08-23,High,Trade Show,New,2025-11-13,2025-10-18,Email
567D5181,Pitts and Sons,Danielle Nelson,stephen30@example.com,9082785329,Container (20ft),Agricultural Products,Food & Beverage,Brazil,,Charleston,Brazil,,Miami,2236,1537.92,2025-09-25,Medium,Google Ads,Negotiating,2025-11-12,2025-10-17,Meeting
6AA6F8A9,Rogers Ltd,Destiny Young,geraldhensley@example.net,457-875-7770,LTL (Less Than Truckload),Agricultural Products,Construction,Mexico,,Newark,UK,,New Orleans,6152,2603.37,2025-10-12,High,Google Ads,Closed Lost,2025-10-29,2025-10-20,Email
4DCA637B,Gomez Ltd,Tyler Nguyen,wpatrick@example.org,708-762-7253x35419,Air Freight,Agricultural Products,Electronics,India,,Chicago,Spain,,New York,6777,2112.63,2025-09-15,High,Cold Call,Closed Won,2025-10-18,2025-10-18,Email
22FE5CD2,Mathis LLC,Adam Powell,kelly19@example.org,(871)492-6423x638,FTL (Full Truck Load),Textiles,Energy,Chile,,Pittsburgh,USA,TX,Detroit,1504,4990.35,2025-09-23,Urgent,Referral,Negotiating,2025-10-20,2025-10-19,Follow-up
4B2139C8,"Lopez, Gibbs and Short",Tyler Ross,josephmacias@example.org,285-752-5076x75449,Container (40ft HC),Food & Beverages,Electronics,Australia,,Chicago,Netherlands,,Memphis,5905,2782.32,2025-09-13,Low,LinkedIn,Closed Lost,2025-11-08,2025-10-17,Meeting
2590BD87,Johnson-Wells,Larry Carpenter,vbuck@example.org,264.530.4223x117,Express Delivery,Electronics,Healthcare,Spain,,Birmingham,Argentina,,Newark,4217,2723.71,2025-08-31,Urgent,Social Media,In Progress,2025-10-18,2025-10-22,Email
413BE423,Mcknight LLC,Michael Ingram,deborahjohnson@example.org,001-576-859-3387,FTL (Full Truck Load),Machinery,Construction,Canada,,Miami,Mexico,,Los Angeles,6160,4382.91,2025-09-29,Low,Referral,In Progress,2025-11-11,2025-10-21,Call
3BCAFF2C,Petersen-Garcia,Lisa Gallegos,hbooth@example.net,613-610-7181x2568,Container (40ft HC),Raw Materials,Construction,Netherlands,,Charleston,Australia,,Birmingham,4340,3320.14,2025-10-15,High,Email Campaign,Closed Won,2025-11-15,2025-10-22,Follow-up
126E7638,Herrera-Neal,Melissa Moran,barry46@example.com,(313)861-3131x5737,Rail Freight,Industrial Equipment,Chemicals,India,,Seattle,Canada,,Houston,5719,2886.61,2025-09-24,Medium,Social Media,In Progress,2025-11-12,2025-10-20,Meeting
0B2BF31A,"Glover, Kim and Mcfarland",Melinda Thomas,aparrish@example.net,562.791.0850,Drayage,Chemicals,Healthcare,Australia,,Los Angeles,Belgium,,Memphis,7047,4702.61,2025-08-23,Low,Trade Show,New,2025-10-20,2025-10-20,Email
4BCD8477,Garcia-Williams,David Singh,robertophillips@example.net,(647)695-1058x30924,LTL (Less Than Truckload),Industrial Equipment,Energy,South Korea,,Phoenix,Spain,,Memphis,6709,3132.68,2025-09-18,High,Email Campaign,Closed Won,2025-11-15,2025-10-22,Proposal
A2304765,Johnson PLC,Mark Reynolds,hmadden@example.net,819-844-3883x2256,Express Delivery,Textiles,Manufacturing,Mexico,,Birmingham,Spain,,Newark,3340,4883.08,2025-09-08,Urgent,Website,Negotiating,2025-10-27,2025-10-19,Email
A9BB0C77,"Gregory, Hayes and Ware",Christine Farley,josephpotter@example.net,898.666.3350,Drayage,Agricultural Products,Healthcare,UK,,Charleston,Italy,,Charlotte,6543,2186.19,2025-09-05,High,Cold Call,New,2025-11-07,2025-10-21,Follow-up
534FF1AD,Cole Ltd,Sharon Walker,kmiller@example.net,+1-854-250-8601x479,Air Freight,Construction Materials,Manufacturing,Chile,,Birmingham,Germany,,New Orleans,3276,2042.8,2025-08-28,Urgent,Referral,Closed Won,2025-10-20,2025-10-20,Proposal
917F325C,White PLC,Jessica Mckinney,mkidd@example.com,(436)494-4924,Container (20ft),Consumer Goods,Energy,Belgium,,Indianapolis,China,,New Orleans,7550,2855.53,2025-09-27,Low,Referral,Proposal Sent,2025-10-22,2025-10-17,Close
FBDC58B7,Wood PLC,Michael Cooley,lindsay78@example.com,+1-724-339-1686x389,Intermodal,Machinery,Food & Beverage,Chile,,Birmingham,Mexico,,Miami,7343,2970.45,2025-08-21,High,LinkedIn,New,2025-10-25,2025-10-20,Follow-up
C80A33C3,Turner PLC,Keith Petersen,williamwilliams@example.com,001-799-544-4024x210,Container (40ft HC),Agricultural Products,Pharmaceuticals,Italy,,Indianapolis,Australia,,Detroit,3312,701.19,2025-09-20,Medium,Google Ads,Negotiating,2025-10-20,2025-10-18,Email
06ABAC9E,Johnson Inc,Terrence Stein,josephhall@example.net,551.616.5390x3234,Container (40ft),Food & Beverages,Manufacturing,Brazil,,Miami,South Korea,,Birmingham,7075,1333.7,2025-09-04,Low,Referral,In Progress,2025-10-25,2025-10-23,Proposal
8A315174,Hawkins-Mcdonald,David Ward,richardwilliams@example.com,399.773.4056,Drayage,Industrial Equipment,Energy,UK,,Miami,Belgium,,Atlanta,2721,1250.87,2025-10-12,Low,Google Ads,Closed Lost,2025-11-05,2025-10-23,Close
955A84F9,Vincent-Gonzalez,Gloria Sweeney,simpsonchristopher@example.net,332-464-3247x7112,FTL (Full Truck Load),Food & Beverages,Healthcare,Japan,,Newark,Netherlands,,Charleston,5716,2616.28,2025-10-08,Medium,Referral,New,2025-11-08,2025-10-22,Meeting
EF3DF38E,Garza Group,Jerry Hicks,josephhall@example.org,339.668.7235x231,Drayage,Agricultural Products,Electronics,Netherlands,,Indianapolis,UK,,Richmond,5913,2318.14,2025-09-12,Medium,Referral,New,2025-11-06,2025-10-18,Meeting
6BDF8555,Burgess Inc,Larry Cameron,christina89@example.net,351.920.7241x64945,FTL (Full Truck Load),Raw Materials,Healthcare,Japan,,Pittsburgh,Canada,,Miami,2364,4079.89,2025-09-06,Medium,Trade Show,Closed Lost,2025-11-05,2025-10-18,Call
5AC1BC5A,"Hicks, Mosley and Gonzalez",Kimberly Smith,iramos@example.org,933.707.3306,Express Delivery,Raw Materials,Manufacturing,China,,Philadelphia,Chile,,Detroit,7520,1283.76,2025-09-25,Low,Social Media,Qualified,2025-11-08,2025-10-17,Proposal
E70A83FA,Harrell-Farmer,Michael Fletcher,pattersontimothy@example.net,001-906-353-9945x46204,LTL (Less Than Truckload),Automotive Parts,Technology,Chile,,Charleston,Japan,,Philadelphia,7447,4379.11,2025-09-10,Low,Social Media,Closed Won,2025-10-27,2025-10-21,Follow-up
A37F64CD,Smith-Cline,Dustin Bradford,qphillips@example.org,7636571096,Container (40ft HC),Automotive Parts,Pharmaceuticals,France,,Detroit,Australia,,Houston,1796,2902.58,2025-09-17,Urgent,Google Ads,Closed Lost,2025-10-31,2025-10-22,Proposal
3B55A65D,"Alvarez, Mendoza and Taylor",Cory Vance,robertpeterson@example.net,001-280-746-9691x8168,Rail Freight,Electronics,Automotive,USA,NC,Philadelphia,China,,Cleveland,5963,1730.16,2025-10-11,High,LinkedIn,Proposal Sent,2025-10-24,2025-10-23,Call
208BFB13,"Davidson, Williams and Young",Stephanie Hunter,traceycarlson@example.com,828-576-2500x1437,Container (40ft),Automotive Parts,Manufacturing,South Korea,,Atlanta,India,,Philadelphia,7145,4061.36,2025-08-22,Medium,Referral,Qualified,2025-11-05,2025-10-21,Close
909BB90C,Jones LLC,Leslie Gonzales,garyjohnson@example.org,310.917.3600x547,Container (40ft),Machinery,Retail,Australia,,Birmingham,Canada,,Richmond,1993,3410.81,2025-09-15,Medium,LinkedIn,Qualified,2025-10-20,2025-10-21,Close
BEBDEC82,Smith-Wright,Jermaine Serrano,stewartdominique@example.net,+1-668-365-3459x162,Container (20ft),Pharmaceuticals,Manufacturing,Spain,,New York,USA,TX,Indianapolis,5227,955.47,2025-09-13,Low,Cold Call,Closed Lost,2025-10-21,2025-10-18,Follow-up
7704A032,"Kaufman, Valenzuela and Nelson",Joseph Burnett,smithscott@example.net,275-511-1645,Container (40ft HC),Pharmaceuticals,Construction,Spain,,Chicago,Australia,,Richmond,4078,2637.26,2025-09-25,High,Referral,Closed Lost,2025-11-09,2025-10-19,Close
53F69EA6,Brock Ltd,Johnny Johnson,cdavis@example.net,499.661.2474x2429,Container (40ft HC),Machinery,Construction,Netherlands,,Pittsburgh,Germany,,Birmingham,2097,3862.02,2025-09-15,Low,Website,In Progress,2025-11-09,2025-10-21,Follow-up
214F179F,Harris Group,Martin Smith,morganmichael@example.net,956-345-2031,Intermodal,Chemicals,Agriculture,Netherlands,,Cleveland,France,,Philadelphia,1504,3234.32,2025-08-19,Low,Cold Call,Proposal Sent,2025-11-11,2025-10-22,Proposal
07F54B2D,Davies-George,Veronica Bailey,danielguerrero@example.org,245-503-8557x303,Container (20ft),Pharmaceuticals,Technology,Canada,,Seattle,UK,,Charleston,1570,588.08,2025-09-26,Low,LinkedIn,Closed Lost,2025-11-03,2025-10-23,Meeting
BB22E2EF,"Burnett, Smith and Walker",Juan Howard,melinda47@example.com,001-652-799-6402x971,Air Freight,Electronics,Agriculture,Argentina,,Birmingham,South Korea,,Houston,7981,3013.81,2025-09-07,Urgent,Email Campaign,In Progress,2025-11-07,2025-10-19,Email
08D0FFF9,"Pitts, Baker and Johnson",Regina Osborne,jacksonchase@example.net,(753)417-3363,FTL (Full Truck Load),Machinery,Retail,Netherlands,,Philadelphia,China,,Detroit,1735,3698.65,2025-08-26,Medium,Trade Show,In Progress,2025-11-09,2025-10-17,Close
82D5F1EE,Curtis Group,Richard Scott,wmartin@example.com,367.938.7610,Express Delivery,Consumer Goods,Technology,Germany,,Newark,Argentina,,Charleston,5241,1766.26,2025-09-16,High,Cold Call,New,2025-10-25,2025-10-23,Close
56578CAD,"Berry, Williamson and House",Samantha Waller,jharrison@example.com,(409)609-9589x7041,FTL (Full Truck Load),Industrial Equipment,Chemicals,Japan,,Indianapolis,India,,New Orleans,7237,3543.2,2025-10-01,Medium,Google Ads,Closed Lost,2025-11-14,2025-10-21,Email
011945CF,Peters-Franklin,Patrick Rice,jerryarmstrong@example.org,+1-772-582-6993x51957,Container (40ft),Electronics,Chemicals,India,,New York,Netherlands,,Cleveland,2517,563.02,2025-10-09,Low,Referral,Negotiating,2025-11-08,2025-10-17,Meeting
BE07CAF8,Moore Group,Katie Howell,martineztony@example.org,956.748.3925,FTL (Full Truck Load),Chemicals,Energy,UK,,Houston,Mexico,,Birmingham,6002,593.05,2025-09-17,Medium,Referral,Closed Lost,2025-11-01,2025-10-18,Close
EB79468E,Wilson-Gordon,Dean Bailey,xking@example.org,681-913-4066,Container (40ft),Industrial Equipment,Construction,Spain,,Seattle,Japan,,Los Angeles,5177,1053.75,2025-08-19,Low,Trade Show,Qualified,2025-11-12,2025-10-23,Meeting
9DF31A7E,Reid-Houston,Jessica Hill,matthewjohnson@example.com,+1-757-989-0634x335,Drayage,Automotive Parts,Manufacturing,India,,Chicago,USA,NC,Richmond,4944,4491.95,2025-08-22,Medium,Website,Closed Won,2025-10-31,2025-10-17,Email
99BEB823,Vaughn and Sons,Valerie Williams,susan62@example.org,621.967.3640,Container (40ft HC),Food & Beverages,Agriculture,France,,Newark,Mexico,,Philadelphia,4059,2025.99,2025-08-19,Urgent,LinkedIn,Qualified,2025-10-29,2025-10-21,Close
AE4456C9,Jenkins-Ramsey,Alyssa Davis,katielewis@example.net,(910)651-3231x95462,Intermodal,Raw Materials,Construction,Netherlands,,New York,South Korea,,Richmond,3136,2037.07,2025-10-11,Low,Referral,In Progress,2025-10-24,2025-10-23,Proposal
7A91EB35,Garcia-Holmes,Alexis Chaney,william37@example.org,933-626-4041,Container (40ft HC),Pharmaceuticals,Energy,Japan,,Miami,Spain,,Los Angeles,4696,1560.87,2025-09-29,Medium,Trade Show,Negotiating,2025-10-22,2025-10-18,Close
00AFD932,Gutierrez Inc,Michael Warner,gregory03@example.org,817-581-5602x437,Container (20ft),Textiles,Healthcare,Belgium,,Birmingham,Japan,,Charlotte,6310,1871.26,2025-08-24,High,Cold Call,Qualified,2025-10-25,2025-10-17,Follow-up
03FCF9E7,Brown LLC,Jessica Cruz,ccarroll@example.net,(609)355-8027x7918,FTL (Full Truck Load),Pharmaceuticals,Technology,Canada,,New Orleans,Mexico,,Detroit,2586,2421.86,2025-10-13,Medium,Email Campaign,Closed Lost,2025-11-09,2025-10-18,Meeting
C5CCF08C,Miller and Sons,Christina James,ahamilton@example.net,001-764-854-9933x984,Rail Freight,Consumer Goods,Energy,India,,Memphis,Belgium,,Charleston,1456,2857.12,2025-10-14,Urgent,Cold Call,Proposal Sent,2025-11-04,2025-10-18,Close
A1B26832,Weaver Ltd,Amy Carter,kevin83@example.com,375.371.5526x5188,Express Delivery,Textiles,Agriculture,Canada,,Philadelphia,France,,Cleveland,1607,2829.39,2025-09-26,Low,Cold Call,In Progress,2025-11-03,2025-10-17,Proposal
0F591093,"Walters, Rogers and Nelson",Joseph Graham,dmeyer@example.net,001-730-867-8804x0389,Intermodal,Agricultural Products,Electronics,Germany,,Detroit,UK,,Pittsburgh,5997,4023.67,2025-09-15,Urgent,Trade Show,In Progress,2025-11-05,2025-10-19,Email
DCA9BD99,Sharp Ltd,Anna Moody,christina17@example.com,(354)253-2808x49210,Express Delivery,Automotive Parts,Pharmaceuticals,Brazil,,Los Angeles,France,,Pittsburgh,6957,4271.14,2025-10-03,Urgent,Social Media,Closed Lost,2025-10-26,2025-10-23,Close
3382C161,Smith and Sons,Craig Montgomery,mark50@example.org,001-331-286-9335x07559,Express Delivery,Textiles,Healthcare,Chile,,Chicago,UK,,Richmond,2539,1797.47,2025-10-01,Medium,LinkedIn,Qualified,2025-10-28,2025-10-18,Email
6B51C510,Stephens-Cruz,Katrina Garcia,pwallace@example.org,720-292-3491,Container (40ft HC),Pharmaceuticals,Construction,Brazil,,Cleveland,USA,GA,New Orleans,5297,4894.69,2025-09-28,Low,Referral,Negotiating,2025-11-10,2025-10-19,Email
0DF0EE61,"Ponce, Mccann and Wright",Roberto Ray,gregory27@example.org,+1-570-540-2264,Express Delivery,Chemicals,Energy,China,,New Orleans,India,,Birmingham,4757,2883.71,2025-09-17,Low,Trade Show,New,2025-11-15,2025-10-23,Email
3254FE20,"Deleon, Walters and Collins",Rachel Howard,bgarcia@example.net,627-344-1578,Drayage,Chemicals,Agriculture,Belgium,,New Orleans,Brazil,,New York,4858,2017.8,2025-09-08,Low,Cold Call,In Progress,2025-11-04,2025-10-18,Meeting
3AC3F9B1,"Brown, Bennett and Anderson",Jeffery Figueroa,alexandra84@example.net,690.941.1858x05694,Container (20ft),Machinery,Automotive,Australia,,Pittsburgh,Italy,,Charleston,7522,3077.46,2025-10-05,Medium,LinkedIn,In Progress,2025-10-31,2025-10-18,Close
18BECB54,Thompson-Davis,Grace Henry,katelyn33@example.org,(612)425-9497x73180,FTL (Full Truck Load),Industrial Equipment,Automotive,Japan,,Indianapolis,Belgium,,Detroit,3839,3877.61,2025-09-10,Low,Google Ads,New,2025-10-21,2025-10-23,Email
606FCE67,"Brown, Evans and Reeves",Juan Austin,andersonerin@example.net,7084374068,LTL (Less Than Truckload),Consumer Goods,Construction,India,,Pittsburgh,Argentina,,Philadelphia,5677,4754.46,2025-10-04,Low,Trade Show,Closed Lost,2025-10-21,2025-10-21,Email
A8CA2265,Larson Ltd,Rachel Robinson,conleystephanie@example.org,742.251.2607,Container (40ft),Agricultural Products,Automotive,Brazil,,Indianapolis,France,,Houston,7726,4621.51,2025-10-08,High,Cold Call,Qualified,2025-10-22,2025-10-17,Close
AA1B1F9A,Allen-Martinez,Diane Miller,santiagoisaac@example.org,+1-597-222-0603x3576,Drayage,Agricultural Products,Retail,South Korea,,Philadelphia,China,,Seattle,5025,2998.2,2025-10-01,Low,LinkedIn,Closed Lost,2025-11-14,2025-10-22,Close
4625E626,"Navarro, Holloway and Fisher",Michael Torres,lopezlaura@example.com,+1-805-927-0384,Container (40ft),Pharmaceuticals,Chemicals,Brazil,,Philadelphia,Mexico,,New York,2823,3407.18,2025-09-23,Medium,Referral,Closed Lost,2025-11-15,2025-10-17,Email
81BEA674,Gonzalez LLC,Morgan Hill,wendy78@example.net,5426232806,Air Freight,Machinery,Agriculture,UK,,Charlotte,Chile,,Memphis,3654,4135.01,2025-08-20,Low,Google Ads,Qualified,2025-10-29,2025-10-23,Call
BDCE1790,"Richardson, Dean and Diaz",Vincent Moore,ralphgonzalez@example.com,(254)340-5399,Container (20ft),Pharmaceuticals,Healthcare,India,,Chicago,South Korea,,Seattle,6036,1341.35,2025-09-18,High,Email Campaign,Closed Lost,2025-10-22,2025-10-23,Call
0A5EA03A,Ellis-Johnson,Stephen Smith,anna22@example.com,266.703.2554x129,FTL (Full Truck Load),Chemicals,Automotive,France,,Chicago,Belgium,,Birmingham,2463,2885.76,2025-10-03,Low,Referral,New,2025-10-27,2025-10-22,Email
7DD91D39,Jones PLC,David Munoz,nschneider@example.net,001-471-438-7180,Drayage,Chemicals,Retail,Australia,,Los Angeles,Spain,,Cleveland,2463,2828.34,2025-09-20,Low,Email Campaign,Negotiating,2025-10-21,2025-10-17,Proposal
18267412,Patton-Rush,Michael Cook MD,jonesdeborah@example.net,+1-614-402-7708x1355,Air Freight,Food & Beverages,Retail,Brazil,,Charleston,Canada,,Pittsburgh,2282,1549.54,2025-10-16,Medium,Cold Call,Closed Won,2025-11-15,2025-10-18,Close
E924BE0D,Bailey-King,Jeffrey Gordon,rowlanddevin@example.org,228-389-3153x267,Drayage,Chemicals,Electronics,Belgium,,Atlanta,Mexico,,Houston,6100,942.14,2025-09-30,High,LinkedIn,Proposal Sent,2025-11-03,2025-10-19,Follow-up
5AB7A994,Baker-Mathis,Heidi Baker,dfitzgerald@example.net,(380)664-0900x017,FTL (Full Truck Load),Consumer Goods,Healthcare,Brazil,,Charleston,Germany,,Charlotte,3808,2124.5,2025-09-02,High,Cold Call,In Progress,2025-10-23,2025-10-17,Call
9C48A236,"Smith, Benitez and Rice",Sue Morris,pgonzalez@example.net,001-335-869-9040x596,Air Freight,Food & Beverages,Agriculture,Belgium,,Seattle,China,,Charleston,5376,3091.06,2025-09-16,Medium,LinkedIn,New,2025-11-03,2025-10-18,Follow-up
CBA0A3CB,Davies-Fitzgerald,John Martin,wdaniels@example.org,(289)985-9073x0525,Drayage,Consumer Goods,Manufacturing,Italy,,Birmingham,Brazil,,Chicago,4558,2219.44,2025-09-24,Urgent,Google Ads,In Progress,2025-11-06,2025-10-21,Proposal
77A6CA69,Vasquez Inc,Colin Duncan,williamschristopher@example.org,(218)662-4642x58346,Intermodal,Consumer Goods,Technology,Netherlands,,Houston,Brazil,,Chicago,3814,3785.29,2025-09-19,Urgent,LinkedIn,Proposal Sent,2025-10-20,2025-10-20,Close
32E6A424,Mercado-Williams,Toni Martinez,nathanrandall@example.com,4547153237,Container (40ft HC),Industrial Equipment,Chemicals,Germany,,Philadelphia,Japan,,Houston,2932,2463.04,2025-10-11,High,Cold Call,Negotiating,2025-10-18,2025-10-22,Meeting
DB6DE4F6,Scott-Powell,Christian Page,hesstheresa@example.net,001-288-466-1012,Air Freight,Food & Beverages,Healthcare,UK,,Seattle,Brazil,,Atlanta,3282,2719.76,2025-10-08,Low,Trade Show,Proposal Sent,2025-10-26,2025-10-18,Follow-up
8D3CDED0,Smith and Sons,Susan Oliver,wmurillo@example.org,+1-865-887-9363x410,Drayage,Industrial Equipment,Food & Beverage,South Korea,,New Orleans,China,,Philadelphia,4805,3407.8,2025-09-30,Urgent,Website,Qualified,2025-11-11,2025-10-19,Meeting
989F0423,Carrillo-Dunn,Nicole Patel,linda16@example.org,843-784-5047x35927,Container (40ft),Pharmaceuticals,Technology,Belgium,,Charlotte,Argentina,,Phoenix,4476,4462.78,2025-08-28,Low,Referral,In Progress,2025-11-10,2025-10-20,Call
AA6CEFF1,"Ramos, Hensley and Walters",Eric Mitchell,richardslaura@example.org,+1-237-808-0571,Container (40ft),Machinery,Automotive,Chile,,Indianapolis,Netherlands,,Seattle,7862,1494.54,2025-10-02,Low,Social Media,In Progress,2025-11-06,2025-10-20,Follow-up
F22D217F,Henry-Payne,Tina Castillo,lcharles@example.com,001-971-267-7342x695,FTL (Full Truck Load),Automotive Parts,Agriculture,Germany,,Atlanta,UK,,Cleveland,1508,2385.53,2025-09-07,Low,Email Campaign,Qualified,2025-11-12,2025-10-18,Proposal
B10896AB,Ross-Finley,Kenneth Brewer,jessica00@example.net,(374)290-3033x443,Air Freight,Agricultural Products,Technology,China,,Houston,Netherlands,,Cleveland,4578,2777.09,2025-09-15,Medium,Referral,Closed Lost,2025-11-10,2025-10-19,Email
87183047,"Dickson, Blackwell and Daniels",Kimberly Walker,christopherbright@example.org,(881)682-8151x6882,Rail Freight,Machinery,Automotive,Japan,,Charlotte,Argentina,,Phoenix,6721,2402.38,2025-08-23,Medium,Referral,Proposal Sent,2025-10-25,2025-10-22,Follow-up
8889B62B,Payne Inc,Daniel Hale,deborahknox@example.net,570-817-6683,Container (40ft),Industrial Equipment,Food & Beverage,UK,,Miami,Netherlands,,Detroit,1502,3719.73,2025-09-28,Urgent,Social Media,Closed Lost,2025-10-19,2025-10-19,Call
719D953E,Martinez PLC,Amber Torres,richardphillips@example.com,001-721-999-2573x0776,Express Delivery,Pharmaceuticals,Technology,Netherlands,,Phoenix,India,,Atlanta,1240,4015.19,2025-08-20,Urgent,Cold Call,Negotiating,2025-11-06,2025-10-23,Meeting
14EF4E7E,Morris-Ryan,Susan Miller,collinserica@example.net,(806)531-3203,Container (20ft),Consumer Goods,Manufacturing,Belgium,,Houston,Belgium,,Memphis,1010,1562.57,2025-09-10,High,LinkedIn,New,2025-10-30,2025-10-21,Email
13EA11EE,Anderson and Sons,Randy Booker,teresakline@example.org,818-964-7814,LTL (Less Than Truckload),Chemicals,Agriculture,Italy,,Atlanta,France,,Los Angeles,1607,4061.16,2025-10-10,Urgent,Email Campaign,In Progress,2025-11-12,2025-10-19,Follow-up
CCAD95A8,"Crawford, Green and Phillips",Darius Peters,jwalker@example.net,001-427-367-2034x0178,Container (40ft),Electronics,Electronics,UK,,Los Angeles,India,,Detroit,2804,4405.93,2025-08-26,Urgent,Referral,Closed Won,2025-10-29,2025-10-22,Meeting
6976E3AE,Warren-Chavez,Sherry Snyder,georgebrooks@example.net,477-813-9999,Container (40ft HC),Raw Materials,Pharmaceuticals,USA,TN,Newark,Netherlands,,Philadelphia,4768,2630.61,2025-09-01,Medium,Website,New,2025-11-05,2025-10-21,Proposal
FAEFEB07,Baker-Clark,Olivia Bauer,annette43@example.org,001-497-909-0688x323,Drayage,Machinery,Food & Beverage,USA,GA,Charlotte,UK,,New York,6790,513.81,2025-09-28,High,LinkedIn,Closed Lost,2025-11-15,2025-10-21,Call
CA7453B3,Williams-Price,Cynthia Garcia,jasonmitchell@example.com,+1-484-964-0333x048,Container (40ft),Electronics,Retail,Chile,,Richmond,India,,Memphis,4057,2072.6,2025-08-26,Medium,Trade Show,Proposal Sent,2025-11-04,2025-10-18,Email
9A70D330,Munoz Ltd,Victor Weaver,rogersvalerie@example.com,568.521.1190,Container (20ft),Food & Beverages,Pharmaceuticals,Argentina,,Philadelphia,Australia,,Detroit,4846,3653.27,2025-08-30,High,Website,In Progress,2025-11-14,2025-10-17,Meeting
0FD637E3,Tapia PLC,Kelly Chen,alexa61@example.com,4873938930,Container (20ft),Pharmaceuticals,Manufacturing,UK,,Indianapolis,Japan,,Chicago,3662,1360.5,2025-08-18,Urgent,Email Campaign,New,2025-11-09,2025-10-21,Call
E37D1BE2,Dennis Ltd,Joseph Ward,mitchellchristine@example.org,668.912.9909,Container (20ft),Chemicals,Automotive,Chile,,Seattle,Argentina,,Miami,6426,2894.86,2025-09-12,Medium,Social Media,New,2025-10-21,2025-10-23,Close
C928EACC,Brown-Robinson,David Walters,evan01@example.com,001-616-782-7470,Air Freight,Food & Beverages,Construction,Mexico,,Houston,UK,,Phoenix,6674,598.28,2025-08-19,High,Referral,Negotiating,2025-11-13,2025-10-20,Meeting
D891F1AE,"Smith, Martinez and King",Kayla Wilkins,kelsey33@example.org,001-440-457-3027x5293,LTL (Less Than Truckload),Agricultural Products,Agriculture,Netherlands,,Houston,Germany,,Chicago,7894,1924.54,2025-10-09,High,Google Ads,Proposal Sent,2025-10-21,2025-10-17,Email
4FFD87DF,Ward-Larson,Steven Lee,woodadam@example.net,001-583-562-2740,Drayage,Pharmaceuticals,Energy,Chile,,Charlotte,Australia,,Atlanta,5481,4962.04,2025-08-24,Urgent,Cold Call,Qualified,2025-11-09,2025-10-18,Email
743DBD67,"Ramirez, Rodriguez and Jenkins",Casey Rangel,ravencurtis@example.net,(785)415-8298x95070,FTL (Full Truck Load),Industrial Equipment,Healthcare,Belgium,,Charleston,France,,Pittsburgh,5725,871.11,2025-09-10,Medium,LinkedIn,Negotiating,2025-10-31,2025-10-18,Close
26D39BC8,Savage Group,Amber Hendrix,oliversara@example.net,9662288774,Drayage,Raw Materials,Chemicals,Netherlands,,Newark,Argentina,,Newark,6181,2882.57,2025-09-13,Low,Website,In Progress,2025-10-28,2025-10-23,Close
F3710A2F,Roberts-Stephens,Joshua Johnson,zstrickland@example.org,+1-880-519-3388,FTL (Full Truck Load),Construction Materials,Manufacturing,Brazil,,New York,Japan,,Chicago,7791,2195.5,2025-09-06,Urgent,Google Ads,Closed Lost,2025-10-21,2025-10-23,Call
1E62CA32,"Briggs, Thompson and Stokes",Sandra Oneal,jsmith@example.org,728.544.9724x09605,Intermodal,Construction Materials,Agriculture,Argentina,,Charlotte,Argentina,,Atlanta,367,2969.31,2025-09-22,Medium,Cold Call,Proposal Sent,2025-11-02,2025-10-17,Close
D28CDC24,Hicks-Noble,Gina Perry,ewatson@example.net,9487468824,Rail Freight,Electronics,Technology,USA,NY,New York,UK,,Indianapolis,5306,4211.02,2025-09-17,Medium,Google Ads,Proposal Sent,2025-10-27,2025-10-18,Call
9E6F6B5F,Logan Group,Regina Valdez,madison94@example.com,+1-264-836-1092,LTL (Less Than Truckload),Pharmaceuticals,Pharmaceuticals,Mexico,,Atlanta,India,,Miami,3988,4506.02,2025-09-03,Low,Trade Show,In Progress,2025-10-23,2025-10-23,Proposal
DD25D860,Lambert-Lewis,James Johnson DDS,jason16@example.org,001-678-396-8359x8397,Rail Freight,Pharmaceuticals,Automotive,Australia,,Charleston,Italy,,Philadelphia,7047,3129.69,2025-09-09,Medium,LinkedIn,In Progress,2025-11-01,2025-10-18,Follow-up
3276E6CB,"Davis, Owens and May",Kayla White,hughesmarisa@example.com,4368106148,Container (20ft),Industrial Equipment,Healthcare,Argentina,,Charlotte,Netherlands,,Memphis,1526,2883.33,2025-10-05,Low,Cold Call,Proposal Sent,2025-11-08,2025-10-21,Close
E6EB5EED,Cox Inc,Ashley Lindsey,douglasarnold@example.com,459.684.2480x0283,Intermodal,Construction Materials,Chemicals,India,,Pittsburgh,France,,Los Angeles,6781,3496.07,2025-08-28,Low,Social Media,Negotiating,2025-11-09,2025-10-18,Email
786837ED,Ortiz-Wilson,Christine Jones,pwatson@example.org,(919)835-3383x466,FTL (Full Truck Load),Raw Materials,Chemicals,Belgium,,Chicago,Argentina,,Memphis,2678,1296.75,2025-09-20,High,LinkedIn,In Progress,2025-11-10,2025-10-18,Close
B09A6DDE,"Gonzalez, Hooper and Dixon",Edward Miller,ethanstout@example.net,446.852.1444x934,Container (20ft),Consumer Goods,Manufacturing,Australia,,Los Angeles,Mexico,,Detroit,1457,1593.24,2025-08-30,High,Social Media,New,2025-11-04,2025-10-19,Proposal
DD179FA5,Porter-Ortiz,Sandra Hill,perkinsthomas@example.net,+1-485-668-6181x870,Rail Freight,Industrial Equipment,Energy,Japan,,Birmingham,Japan,,Indianapolis,2279,3282.04,2025-08-18,High,Website,In Progress,2025-10-29,2025-10-23,Meeting
EACB380A,Caldwell Inc,Dawn Warren,butlerstephen@example.org,001-501-943-7216x4670,Container (20ft),Consumer Goods,Automotive,Spain,,Los Angeles,India,,Memphis,2432,1674.82,2025-08-18,Low,Cold Call,In Progress,2025-10-30,2025-10-22,Follow-up
4F46FA83,"Sloan, Mitchell and Smith",Alexander Williams,erin88@example.com,268-329-4297x1092,Rail Freight,Pharmaceuticals,Agriculture,South Korea,,Charleston,Chile,,Indianapolis,3703,4778.5,2025-09-03,High,Trade Show,New,2025-10-17,2025-10-21,Call
01922E58,Martinez-Wheeler,Sandra Ford,taylorpaul@example.com,510.375.7558x23380,Container (40ft),Chemicals,Retail,Germany,,Charlotte,Argentina,,Pittsburgh,2110,1194.51,2025-10-14,Urgent,LinkedIn,Negotiating,2025-11-15,2025-10-23,Meeting
CA6B1469,"Hamilton, Norris and Lawson",Shirley Singh,dianemorales@example.org,7766334929,Drayage,Consumer Goods,Automotive,Japan,,Charleston,India,,New Orleans,2901,1169.51,2025-09-12,Low,Email Campaign,In Progress,2025-10-19,2025-10-22,Proposal
58BD5ED1,Reynolds and Sons,Jay Knapp,edwardmosley@example.net,7382906836,Container (40ft),Food & Beverages,Healthcare,Australia,,Miami,Japan,,New York,2579,1807.03,2025-10-09,Medium,Website,Qualified,2025-10-26,2025-10-18,Meeting
640E587E,Pacheco PLC,Eric Malone,perryallen@example.com,(865)338-5141,Intermodal,Electronics,Energy,Australia,,Houston,Australia,,Pittsburgh,1456,4642.41,2025-10-04,Urgent,Website,Closed Won,2025-11-15,2025-10-17,Call
D6B384D2,Brown-Solomon,Mr. Dustin Terry,ericperez@example.org,001-246-543-3546,Container (40ft HC),Consumer Goods,Agriculture,UK,,Charlotte,Spain,,Houston,6269,772.05,2025-08-25,High,Website,Closed Lost,2025-11-14,2025-10-18,Call
4B7FF85D,Wade-Mcdonald,Thomas Pittman,cenglish@example.net,(259)324-5203,LTL (Less Than Truckload),Chemicals,Energy,UK,,Richmond,Brazil,,Newark,6605,2849.76,2025-09-21,Low,Cold Call,In Progress,2025-11-07,2025-10-18,Close
AA0AA3A8,"Olson, Curtis and Montgomery",Kenneth Vaughan,maddoxmarvin@example.org,001-587-586-1648,Rail Freight,Chemicals,Automotive,Belgium,,Chicago,Germany,,Houston,1997,1476.46,2025-10-11,High,Referral,Proposal Sent,2025-10-30,2025-10-18,Follow-up
FF978041,Johnson and Sons,Regina Nguyen,ypatton@example.net,(659)480-6777,Intermodal,Construction Materials,Construction,South Korea,,Charleston,USA,VA,Birmingham,7986,1856.13,2025-10-10,High,Email Campaign,New,2025-10-19,2025-10-17,Follow-up
F4D6EC9A,Wilson-Bates,Carl Mcmillan,amandaperez@example.org,305-271-4581,LTL (Less Than Truckload),Food & Beverages,Technology,Argentina,,Atlanta,Netherlands,,Birmingham,3284,1206.67,2025-08-31,Medium,Referral,New,2025-10-27,2025-10-19,Email
3FCC62FB,Spencer-Hopkins,Heather Brady,howardspencer@example.org,001-584-951-1073x70776,LTL (Less Than Truckload),Food & Beverages,Agriculture,Chile,,New York,Mexico,,Los Angeles,2043,892.13,2025-09-27,High,Email Campaign,Negotiating,2025-10-27,2025-10-20,Proposal
7EFB65A2,Dixon-Joseph,Adam Palmer,deanjessica@example.org,(605)526-4480x58269,Air Freight,Electronics,Construction,Germany,,Newark,Mexico,,Atlanta,6293,1652.29,2025-10-03,Low,LinkedIn,In Progress,2025-11-10,2025-10-18,Follow-up
4DFEDD4C,Gonzales PLC,John Crawford,gsandoval@example.net,001-351-935-7311x8362,Intermodal,Construction Materials,Healthcare,China,,Newark,Australia,,Seattle,3902,3522.45,2025-09-10,High,Email Campaign,Proposal Sent,2025-11-09,2025-10-21,Proposal
63267E6F,Stewart and Sons,Michaela Flores,simsthomas@example.com,+1-665-645-2611,Container (20ft),Food & Beverages,Chemicals,Mexico,,Atlanta,USA,LA,New York,3311,4643.35,2025-08-30,Urgent,Cold Call,Closed Lost,2025-10-25,2025-10-19,Meeting
98F9DF2D,Hernandez Ltd,Michael Davis,aaron73@example.com,001-357-207-4882x783,Intermodal,Agricultural Products,Retail,USA,LA,New York,UK,,New York,6993,3461.48,2025-09-22,Medium,Referral,Negotiating,2025-10-24,2025-10-21,Follow-up
7C8DE13E,Davis-Garcia,Joshua Brown,kimberlycarlson@example.net,+1-389-664-7272x1327,Air Freight,Consumer Goods,Pharmaceuticals,South Korea,,Memphis,France,,Newark,4010,1503.86,2025-09-06,High,Email Campaign,Proposal Sent,2025-11-10,2025-10-18,Follow-up
15C4E7AB,"Rodriguez, Johnson and Martin",Samuel Patterson,benjaminbennett@example.org,+1-578-591-5466,Express Delivery,Chemicals,Agriculture,UK,,Phoenix,Mexico,,Houston,5479,2696.37,2025-10-11,High,Google Ads,New,2025-11-13,2025-10-19,Close
B8484C5A,Henderson-Stephens,David Ross,kennethtucker@example.org,001-439-500-1678,Air Freight,Industrial Equipment,Food & Beverage,South Korea,,Chicago,Mexico,,Newark,4894,3738.68,2025-09-15,Urgent,LinkedIn,Negotiating,2025-10-30,2025-10-21,Follow-up
92103A23,Wilson and Sons,Tammy Russell,phillipsdustin@example.org,001-962-665-0669x3364,Container (20ft),Food & Beverages,Pharmaceuticals,Canada,,Charleston,Brazil,,Miami,4214,951.43,2025-10-01,Low,Email Campaign,Closed Lost,2025-11-08,2025-10-23,Proposal
124C623A,Fletcher-Gardner,Joshua Hatfield,kristine60@example.org,8056113371,Container (40ft HC),Raw Materials,Chemicals,Mexico,,Detroit,USA,MS,Pittsburgh,4552,2679.67,2025-10-02,High,Referral,Negotiating,2025-11-03,2025-10-17,Close
F351D699,Flowers-Perez,Steve Silva,jjohnson@example.net,001-279-244-2238x83752,FTL (Full Truck Load),Textiles,Retail,France,,New York,Italy,,Philadelphia,1223,1371.67,2025-09-07,Medium,LinkedIn,Closed Won,2025-10-17,2025-10-22,Meeting
BBFF7DAA,Douglas Ltd,Dr. John Obrien,virginia98@example.org,868-297-1769x62847,Air Freight,Agricultural Products,Energy,Mexico,,Memphis,Italy,,Miami,7526,1612.35,2025-10-11,Medium,Referral,New,2025-10-31,2025-10-23,Follow-up
0D958A0A,Brown-Patterson,Erica Johnson,eriley@example.org,+1-933-854-8132x6510,LTL (Less Than Truckload),Electronics,Manufacturing,Netherlands,,Birmingham,UK,,Memphis,2621,3640.73,2025-09-03,High,LinkedIn,Closed Lost,2025-10-26,2025-10-21,Proposal
B75C4918,Ellis-Green,Susan Walton,jesseoliver@example.org,+1-208-838-8383,Air Freight,Machinery,Construction,Argentina,,Charlotte,India,,Newark,1319,2030.05,2025-08-19,Urgent,Trade Show,Closed Lost,2025-10-23,2025-10-18,Call
F05F3C02,Perry-Aguilar,Kristopher Graham,santiagocory@example.net,378-404-2044x247,FTL (Full Truck Load),Raw Materials,Food & Beverage,China,,Phoenix,UK,,Memphis,4121,3699.73,2025-09-07,High,Referral,Proposal Sent,2025-11-02,2025-10-17,Follow-up
4B886179,Parsons Group,Brian Roberts,vbutler@example.com,+1-903-304-0846x24458,Express Delivery,Pharmaceuticals,Construction,India,,Miami,Canada,,Seattle,3738,1189.83,2025-09-02,Urgent,Google Ads,New,2025-10-23,2025-10-22,Call
B9BD9C0E,Hamilton-Thomas,Clayton Bell,alexanderchristopher@example.org,(991)671-0017x5126,Container (40ft),Pharmaceuticals,Food & Beverage,France,,Philadelphia,Mexico,,Phoenix,5806,656.9,2025-09-12,Urgent,Social Media,In Progress,2025-11-12,2025-10-19,Email
2CE47CEF,Peters LLC,Christine Chavez,icole@example.com,(730)895-6365x96330,LTL (Less Than Truckload),Industrial Equipment,Healthcare,China,,Indianapolis,USA,PA,New York,5600,3879.72,2025-08-21,Urgent,Website,In Progress,2025-11-05,2025-10-18,Call
FD5C511E,Graves Inc,Heather Powell,joan00@example.net,482-653-3174x01817,Air Freight,Raw Materials,Food & Beverage,Italy,,Richmond,France,,Houston,7393,1474.56,2025-08-23,High,Cold Call,Closed Won,2025-10-18,2025-10-23,Meeting
1F5350F8,"Hayes, Jones and Holmes",Brandon Glenn,peggyparker@example.org,394-935-3865,Drayage,Automotive Parts,Technology,South Korea,,Detroit,Japan,,New Orleans,3683,1481.96,2025-10-02,Low,Trade Show,Qualified,2025-11-04,2025-10-20,Meeting
82F57759,Douglas-Gutierrez,Frank Bowen,millsjames@example.org,(313)737-9644x14695,Container (20ft),Machinery,Pharmaceuticals,Italy,,Atlanta,Canada,,Newark,5385,4254.9,2025-09-04,Low,Social Media,Closed Lost,2025-11-08,2025-10-17,Follow-up
AA81B02F,"Weeks, Smith and Vasquez",James Mitchell,johnarmstrong@example.org,(338)421-3665x04930,Container (40ft HC),Textiles,Energy,UK,,Cleveland,Mexico,,Phoenix,2424,707.47,2025-08-19,Medium,Email Campaign,New,2025-11-10,2025-10-19,Call
C8DA04CB,Davis LLC,John Guzman,jflores@example.com,9988064048,Container (20ft),Agricultural Products,Food & Beverage,Netherlands,,Chicago,Spain,,Atlanta,5809,4657.33,2025-09-11,Medium,Cold Call,In Progress,2025-10-20,2025-10-20,Call
E5D87D13,"Boyle, Chandler and Crawford",Nicole Mejia,crystalgray@example.com,001-792-894-1247x24106,Express Delivery,Machinery,Chemicals,India,,Cleveland,India,,Charlotte,1237,2011.7,2025-10-14,Medium,Trade Show,Closed Won,2025-10-18,2025-10-21,Call
E7188206,Maxwell-Webb,Mrs. Laurie Phelps,nicoleedwards@example.com,(855)234-4138x10657,FTL (Full Truck Load),Raw Materials,Electronics,Japan,,Birmingham,South Korea,,Indianapolis,4033,4494.21,2025-09-04,High,Google Ads,In Progress,2025-11-14,2025-10-20,Meeting
01385CBF,Moon-Daniels,Danielle Mcintyre,joshuajohnson@example.com,961.240.9776,Air Freight,Construction Materials,Construction,Italy,,Atlanta,Spain,,Cleveland,6445,2148.83,2025-09-30,Low,Social Media,Closed Lost,2025-11-04,2025-10-22,Close
6BBDC0B7,Chapman LLC,Paul Molina,silvadennis@example.com,001-463-248-3679x33212,LTL (Less Than Truckload),Machinery,Construction,Australia,,Richmond,France,,Charleston,5195,3300.28,2025-08-22,High,Social Media,Closed Lost,2025-10-29,2025-10-21,Email
9B2CCB1E,Wheeler-White,Courtney Smith,curtisisaiah@example.com,+1-995-598-2277x9883,Container (40ft),Raw Materials,Retail,Mexico,,Atlanta,Germany,,Detroit,4428,4971.62,2025-09-23,Urgent,Email Campaign,In Progress,2025-10-28,2025-10-18,Call
5068684F,"Henderson, Roach and Johnson",Brandon Phillips,deborahnichols@example.org,673-288-5315x99437,Container (40ft HC),Food & Beverages,Technology,Australia,,Los Angeles,UK,,Charleston,1598,3455.69,2025-09-17,Medium,Email Campaign,Proposal Sent,2025-11-01,2025-10-22,Close
469044FB,Randolph-Jordan,Michael Edwards,joelmiller@example.org,(849)893-7958,Container (20ft),Construction Materials,Pharmaceuticals,India,,Pittsburgh,Spain,,Philadelphia,5029,2468.85,2025-08-26,Urgent,Trade Show,Proposal Sent,2025-10-18,2025-10-20,Call
AFDAB379,Tanner-Griffith,Aaron Dennis,robert94@example.org,473-807-6807x43495,Container (20ft),Industrial Equipment,Retail,Mexico,,Houston,Argentina,,Atlanta,2971,4213.07,2025-09-09,Urgent,Google Ads,Proposal Sent,2025-11-03,2025-10-21,Close
D012EAF9,"Price, Keith and Howard",John Roberson,powellrebecca@example.net,996.772.6365x72885,LTL (Less Than Truckload),Food & Beverages,Energy,Mexico,,Charlotte,China,,Houston,3436,1451.03,2025-10-16,Medium,Email Campaign,In Progress,2025-10-27,2025-10-17,Call
0965474C,Little-Smith,Chelsea Johnson,john50@example.net,295.571.3886x88250,LTL (Less Than Truckload),Machinery,Pharmaceuticals,South Korea,,Memphis,South Korea,,Detroit,1475,2193.86,2025-10-07,Medium,Website,Proposal Sent,2025-10-31,2025-10-22,Email
94D77463,"Roman, Wallace and Mcbride",Joy Casey,rlee@example.org,+1-347-783-8855,Intermodal,Food & Beverages,Retail,Belgium,,Chicago,South Korea,,Memphis,5938,2519.36,2025-08-28,High,Social Media,New,2025-10-18,2025-10-20,Email
E3009FF6,"Patterson, Solomon and Brooks",Kenneth Morton,jamie41@example.com,(333)961-9981,Container (40ft HC),Automotive Parts,Electronics,Brazil,,Charlotte,India,,Detroit,6900,2575.47,2025-10-01,High,Email Campaign,New,2025-10-30,2025-10-22,Close
E4D7AC0A,"Tate, Lyons and Barron",John Hines IV,harrisonstacy@example.org,397-877-6878x007,FTL (Full Truck Load),Electronics,Retail,India,,Indianapolis,Chile,,Richmond,6559,3505.33,2025-09-10,Urgent,Cold Call,Proposal Sent,2025-10-20,2025-10-18,Follow-up
03A1F5CA,Phillips LLC,George Lee,jennifer27@example.com,7518989073,Container (40ft HC),Consumer Goods,Manufacturing,Japan,,Memphis,Netherlands,,Pittsburgh,2351,3764.13,2025-09-01,Urgent,Social Media,Closed Lost,2025-11-12,2025-10-20,Call
54A28A3C,Vargas Inc,Destiny Riley,heidirusso@example.net,644.251.6038,Container (40ft),Consumer Goods,Retail,Argentina,,Phoenix,USA,PA,Birmingham,3133,4077.4,2025-08-23,Urgent,Google Ads,Closed Won,2025-10-19,2025-10-23,Call
B689A83C,"Ray, Vazquez and Tucker",Drew Phillips,nathanbender@example.net,001-962-291-0842x821,Air Freight,Raw Materials,Technology,Chile,,Philadelphia,China,,Miami,5201,4076.55,2025-09-23,Low,Google Ads,Proposal Sent,2025-10-17,2025-10-19,Meeting
B0F230B4,"Chen, Casey and Vasquez",Marcus Boone,emilyhart@example.org,(481)593-0445,Intermodal,Electronics,Automotive,South Korea,,Houston,USA,AL,Cleveland,2125,2427.55,2025-09-19,Urgent,Cold Call,Negotiating,2025-11-13,2025-10-22,Close
EA3E450E,Leon Inc,Courtney Marquez,obell@example.net,600.740.7974x601,Air Freight,Textiles,Manufacturing,Germany,,Birmingham,Mexico,,Houston,4750,1137.21,2025-10-13,Urgent,Email Campaign,Qualified,2025-11-04,2025-10-17,Meeting
60C6AD2D,Lopez LLC,Michael Mclaughlin,marycrawford@example.org,5676051684,Container (20ft),Automotive Parts,Chemicals,Canada,,Phoenix,USA,SC,Pittsburgh,6666,2829.86,2025-08-28,High,Trade Show,Negotiating,2025-10-29,2025-10-18,Close
D0241B5C,Marshall PLC,Jean Kim,davishenry@example.com,803-692-7966,LTL (Less Than Truckload),Agricultural Products,Chemicals,France,,Newark,Australia,,Chicago,1534,1197.13,2025-08-21,Urgent,Cold Call,Proposal Sent,2025-11-06,2025-10-23,Close
CD500C13,"Hunter, Moore and Zhang",Denise Walters,robynwoodard@example.net,+1-740-326-0387x64814,Drayage,Automotive Parts,Pharmaceuticals,Netherlands,,Charlotte,Germany,,Indianapolis,7756,2080.01,2025-09-11,Urgent,Website,In Progress,2025-11-03,2025-10-17,Call
F21FB9CE,"Chapman, Olson and Ray",Julie Duran,ryanreynolds@example.net,737.713.3219x4588,Air Freight,Raw Materials,Healthcare,Argentina,,Houston,Brazil,,Cleveland,1362,4408.91,2025-09-08,Medium,Cold Call,Closed Lost,2025-10-25,2025-10-19,Close
0409233A,Torres-Macias,Tanya Mason,lpalmer@example.org,815.642.1064x3446,Air Freight,Textiles,Agriculture,Netherlands,,Atlanta,Canada,,Philadelphia,7457,3898.58,2025-09-19,Medium,Email Campaign,Proposal Sent,2025-11-12,2025-10-17,Email
90BD0F0D,"Schneider, Fleming and Reyes",Shawna Rice,evansashley@example.org,2923092016,Express Delivery,Textiles,Chemicals,UK,,Memphis,India,,Charlotte,6987,2712.27,2025-08-30,High,Referral,Closed Lost,2025-10-18,2025-10-23,Close
96E4EEF5,"Scott, Ho and Rodgers",Michael Caldwell,dmartinez@example.net,001-322-259-5236x4454,Intermodal,Agricultural Products,Automotive,France,,Indianapolis,France,,Pittsburgh,1666,1125.85,2025-09-01,Medium,Referral,Qualified,2025-11-08,2025-10-21,Email
234DA8D2,Kelly Inc,Elizabeth Reed,alfreddavis@example.net,3563403170,Container (40ft HC),Agricultural Products,Food & Beverage,Netherlands,,Houston,USA,SC,New York,5226,1240.98,2025-08-30,Low,Trade Show,Proposal Sent,2025-11-12,2025-10-23,Proposal
40F1DE41,"Bond, Castro and Johnson",Robert Austin,susanlevy@example.net,(936)553-6740,Container (40ft),Pharmaceuticals,Technology,Chile,,Memphis,Germany,,Los Angeles,3314,4744.69,2025-09-13,High,Website,Closed Won,2025-11-11,2025-10-18,Proposal
824BA8AA,White-Morales,Jeffrey Mason,hjones@example.com,001-538-717-2293x637,Drayage,Agricultural Products,Manufacturing,Brazil,,Chicago,Brazil,,Charleston,2616,3089.9,2025-09-03,Urgent,Email Campaign,Closed Lost,2025-10-21,2025-10-21,Email
44143B79,"Williams, Sanders and George",William Mejia,awilliams@example.org,521-835-6300x8250,FTL (Full Truck Load),Electronics,Agriculture,Mexico,,Cleveland,UK,,Birmingham,4604,4791.09,2025-09-19,High,Referral,In Progress,2025-10-17,2025-10-17,Meeting
8B0157EF,Pierce-Day,John Cooper,scottrobert@example.net,443.739.6058x07120,LTL (Less Than Truckload),Construction Materials,Construction,Spain,,Miami,Canada,,Birmingham,6726,1687.46,2025-09-23,Urgent,Google Ads,Qualified,2025-10-25,2025-10-22,Close
A3B509BB,Johnson-Smith,Emma Smith,martinmorse@example.com,001-572-248-7018x745,LTL (Less Than Truckload),Food & Beverages,Manufacturing,Japan,,Detroit,Italy,,Phoenix,6780,3801.5,2025-09-08,Low,Social Media,Closed Lost,2025-10-31,2025-10-19,Close
629F2544,Shaw and Sons,Amanda Juarez,fcameron@example.org,+1-811-909-1093,Express Delivery,Chemicals,Manufacturing,UK,,Newark,Belgium,,Charleston,7070,2685.68,2025-10-14,Urgent,Trade Show,Negotiating,2025-10-26,2025-10-22,Follow-up
166164F5,Thompson-Ballard,Cindy Rodriguez,jennifer69@example.net,(272)329-8475x866,Rail Freight,Automotive Parts,Food & Beverage,Italy,,Richmond,Canada,,Newark,5117,4241.87,2025-10-01,Medium,LinkedIn,Closed Won,2025-10-23,2025-10-23,Close
47A47AC9,"Porter, Scott and Weber",Lawrence Lewis,april76@example.com,902.682.7508x5405,Container (20ft),Automotive Parts,Energy,China,,Pittsburgh,Belgium,,Pittsburgh,1699,2141.95,2025-10-14,High,Google Ads,New,2025-10-24,2025-10-23,Call
A3027A3B,Peterson-Hart,Matthew Zhang,sarahayers@example.net,454.884.6807,Express Delivery,Chemicals,Agriculture,Belgium,,Miami,Mexico,,Houston,2039,1649.98,2025-09-16,Medium,LinkedIn,Closed Won,2025-11-08,2025-10-22,Proposal
2501C821,Wilson-Wood,Glenda Hammond,carrrobert@example.org,001-983-861-2621x4402,Container (20ft),Textiles,Manufacturing,Mexico,,Memphis,Japan,,Newark,7640,3587.62,2025-08-28,High,Email Campaign,In Progress,2025-11-03,2025-10-22,Email
1793447F,"Douglas, Green and Martin",Howard Daniels,frank84@example.net,(677)818-2139,Express Delivery,Automotive Parts,Food & Beverage,Spain,,New Orleans,Australia,,New York,1137,1356.44,2025-09-10,Low,Cold Call,Negotiating,2025-10-17,2025-10-20,Email
0E2E2DD7,"Thomas, Mercer and Mathis",Amy Jordan,stacy49@example.com,(409)332-7780,Express Delivery,Consumer Goods,Construction,Netherlands,,Indianapolis,Canada,,Birmingham,3949,2881.08,2025-09-03,High,Cold Call,In Progress,2025-11-09,2025-10-23,Follow-up
F2E133CF,Griffin Ltd,Pamela Soto,icole@example.org,823-895-4821,Intermodal,Food & Beverages,Chemicals,Netherlands,,Cleveland,Australia,,Miami,2705,2073.4,2025-09-11,Urgent,Trade Show,Negotiating,2025-11-10,2025-10-21,Follow-up
7EFA69A8,Patterson Ltd,Paula Jones,abryant@example.net,760-643-2279,Container (40ft HC),Electronics,Energy,Netherlands,,New York,Australia,,Seattle,7478,4969.24,2025-09-19,Medium,Google Ads,Closed Won,2025-11-06,2025-10-18,Follow-up
0E8EEC41,Chavez-Orr,Gina Patterson,wcannon@example.net,001-869-550-1409x3471,Rail Freight,Agricultural Products,Pharmaceuticals,Mexico,,Charleston,Australia,,Houston,4958,3973.86,2025-09-11,Medium,Email Campaign,Closed Lost,2025-10-24,2025-10-22,Email
3E6E6BAB,Moore LLC,Christine Hall,aaronsmith@example.net,(628)599-1917x967,Rail Freight,Chemicals,Electronics,Canada,,Miami,UK,,Richmond,7933,1799.23,2025-09-17,High,Social Media,Negotiating,2025-11-11,2025-10-23,Email
4E84B348,"Nichols, Rosario and Clark",Alexander Haney,dochoa@example.com,3292858983,FTL (Full Truck Load),Industrial Equipment,Energy,Mexico,,Cleveland,South Korea,,Miami,6632,1867.07,2025-08-21,Urgent,Referral,Closed Lost,2025-11-02,2025-10-19,Meeting
F4E2DCC5,"Turner, Gray and Mccarty",Kevin Williams,floresmelissa@example.net,(935)624-3646,Intermodal,Food & Beverages,Construction,Spain,,Seattle,Netherlands,,Philadelphia,2235,3136.95,2025-09-01,High,Cold Call,New,2025-11-13,2025-10-18,Close
85600F49,"Lewis, Walker and Rhodes",Sherry Moore,judith93@example.com,001-229-962-6297x04563,Air Freight,Construction Materials,Pharmaceuticals,Spain,,Los Angeles,France,,Pittsburgh,2857,1688.85,2025-09-23,Urgent,Website,In Progress,2025-10-22,2025-10-20,Email
9A183D4D,Phillips LLC,Julia Tanner,xbrooks@example.net,708-497-9989x2976,Container (40ft HC),Electronics,Chemicals,France,,Memphis,France,,Pittsburgh,395,970.64,2025-09-15,Urgent,Cold Call,New,2025-11-02,2025-10-17,Close
655B7808,Hernandez-Taylor,Christina Lee,nolanandrea@example.com,001-878-491-8961x3358,Intermodal,Construction Materials,Chemicals,Japan,,Phoenix,Italy,,Atlanta,7835,2179.98,2025-09-14,Urgent,LinkedIn,Qualified,2025-10-24,2025-10-20,Call
926EB523,"Jones, Richards and Thompson",Jennifer Christian,zrodriguez@example.net,705-519-7164x0184,Express Delivery,Electronics,Healthcare,Netherlands,,Charleston,South Korea,,Phoenix,5035,1854.17,2025-09-18,Low,Cold Call,Qualified,2025-10-29,2025-10-21,Follow-up
E18D76A1,Gallagher LLC,Emily Howard,joshuabailey@example.org,481.467.0610x19064,LTL (Less Than Truckload),Pharmaceuticals,Food & Beverage,Japan,,Memphis,Netherlands,,Pittsburgh,2394,3696.14,2025-09-22,Medium,Referral,In Progress,2025-11-08,2025-10-19,Proposal
4AB99FF7,Mann Group,Vickie Morales,stephennunez@example.net,231-613-6023,LTL (Less Than Truckload),Chemicals,Energy,Brazil,,Miami,Brazil,,Memphis,1946,1237.35,2025-09-30,Low,LinkedIn,Closed Won,2025-11-13,2025-10-21,Email
5A5A0C80,Espinoza PLC,Derrick Pham,richard17@example.org,329-201-7888x36844,Intermodal,Textiles,Agriculture,Italy,,Chicago,Canada,,Birmingham,7092,3652.37,2025-08-29,Urgent,Google Ads,Closed Lost,2025-10-24,2025-10-17,Follow-up
690245D4,Hart-Tucker,Donald Lucas,nicholassnow@example.org,7622943786,Container (40ft HC),Raw Materials,Construction,UK,,New York,Mexico,,Newark,3070,3366.75,2025-10-14,Medium,LinkedIn,Closed Won,2025-11-08,2025-10-21,Call
03E99F2D,Herring-Cole,Shannon Skinner,beckerelizabeth@example.net,934-742-5587,Rail Freight,Pharmaceuticals,Technology,China,,Phoenix,Canada,,Houston,7303,3698.24,2025-10-05,Medium,Website,New,2025-11-08,2025-10-23,Email
0BB24F11,Valdez PLC,Ronald Smith,manncharles@example.org,552-946-2941,Container (40ft),Industrial Equipment,Electronics,Chile,,Richmond,Brazil,,Los Angeles,6271,983.69,2025-09-19,High,Trade Show,New,2025-11-10,2025-10-19,Close
C8ACE82C,Duncan LLC,Lori Valencia,obryant@example.org,418-253-2442x969,Express Delivery,Chemicals,Retail,Italy,,Phoenix,Netherlands,,Seattle,1539,3399.9,2025-09-12,High,Trade Show,Closed Won,2025-11-08,2025-10-18,Close
2EAE19CB,Ford PLC,Nancy Fuller,amandapierce@example.com,+1-620-868-4359x149,Intermodal,Agricultural Products,Pharmaceuticals,Japan,,Charlotte,Germany,,Miami,4959,4779.98,2025-09-07,Medium,Social Media,New,2025-10-27,2025-10-18,Proposal
65047B86,Jordan-Colon,Vickie Warren,knappkimberly@example.org,001-704-709-2576x50949,Intermodal,Machinery,Retail,Chile,,Cleveland,China,,New York,4180,2386.04,2025-09-22,High,Google Ads,Closed Lost,2025-10-25,2025-10-20,Follow-up
56608071,"Williams, Walker and Bell",Devon Carter MD,morenomichelle@example.net,847.515.3214x3511,FTL (Full Truck Load),Food & Beverages,Food & Beverage,USA,CA,Atlanta,UK,,Chicago,6955,3502.17,2025-08-18,Medium,Social Media,New,2025-10-20,2025-10-19,Proposal
B894DD27,Wallace Ltd,Lori Deleon PhD,meganhoffman@example.org,001-274-670-0550x6951,Drayage,Chemicals,Chemicals,Germany,,Atlanta,UK,,Houston,3840,2918.52,2025-08-29,Low,LinkedIn,In Progress,2025-10-17,2025-10-20,Proposal
FF4C0998,"Scott, Yoder and Zuniga",Adrienne Moon,qrichardson@example.net,606-575-7856,Express Delivery,Automotive Parts,Retail,Argentina,,Chicago,France,,Miami,1174,4843.06,2025-09-12,Medium,Cold Call,Negotiating,2025-10-20,2025-10-22,Follow-up
88452FA7,Case Inc,Dawn Brown,jeremykelley@example.org,001-919-469-9233x9797,Container (40ft HC),Chemicals,Healthcare,Australia,,Seattle,Japan,,Philadelphia,4635,3012.11,2025-10-15,Medium,Cold Call,Closed Lost,2025-11-13,2025-10-22,Close
338D27CB,"Miller, Johnson and Nichols",Melissa Wiley,kimberly04@example.net,+1-628-676-2540x2590,Container (20ft),Industrial Equipment,Retail,Australia,,Cleveland,China,,Birmingham,3474,4534.51,2025-09-19,High,Referral,In Progress,2025-11-14,2025-10-20,Email
76CD023D,Dillon Inc,Daniel Smith,kenneth56@example.org,(239)817-1612x177,Container (20ft),Textiles,Manufacturing,Chile,,Seattle,USA,SC,Indianapolis,5342,3220.87,2025-10-08,Low,Referral,Closed Won,2025-10-19,2025-10-21,Meeting
93777D6A,Ingram PLC,Sarah Sanchez,wsmith@example.org,574-538-4665x0956,Container (40ft HC),Chemicals,Retail,USA,OH,Charlotte,Mexico,,Phoenix,1583,1601.68,2025-09-23,High,Cold Call,In Progress,2025-11-14,2025-10-22,Follow-up
DD18C25B,"Lewis, Dean and Henry",Matthew Watson,veronica66@example.com,001-399-429-1557x8080,Rail Freight,Agricultural Products,Technology,France,,Memphis,Argentina,,Phoenix,5851,1884.76,2025-08-22,Medium,LinkedIn,Negotiating,2025-11-07,2025-10-22,Email
B8F05A49,Smith-Evans,Dennis Boyer,frivas@example.net,001-338-637-1709,FTL (Full Truck Load),Textiles,Agriculture,South Korea,,Indianapolis,Brazil,,Indianapolis,6544,4077.72,2025-10-08,High,Cold Call,Negotiating,2025-10-17,2025-10-23,Follow-up
48332EB3,"Santiago, Guerra and Rodriguez",Megan Mcbride,robertsanchez@example.org,677.301.9731x48410,Air Freight,Consumer Goods,Agriculture,Germany,,Newark,USA,NC,Pittsburgh,6044,1913.18,2025-09-14,Urgent,Google Ads,Negotiating,2025-10-17,2025-10-19,Meeting
A9357649,Jackson-Baker,Anthony Bauer,steeleabigail@example.net,556-248-1245x8599,Rail Freight,Textiles,Electronics,USA,WA,Chicago,UK,,Chicago,3286,3101.2,2025-10-05,Medium,Social Media,Negotiating,2025-10-28,2025-10-22,Proposal
8A7E8CD7,Estes Group,Paul Cunningham,eric24@example.com,+1-845-636-8162x42737,Intermodal,Food & Beverages,Chemicals,Mexico,,Birmingham,South Korea,,Charleston,5003,845.6,2025-08-21,Medium,LinkedIn,New,2025-10-22,2025-10-18,Proposal
F656BE1A,Coleman-Boyd,Colleen Bond,iwilliamson@example.org,(212)613-7391x136,Air Freight,Food & Beverages,Pharmaceuticals,USA,WA,Philadelphia,USA,CA,Miami,2049,4808.97,2025-08-29,Urgent,Google Ads,Qualified,2025-11-12,2025-10-20,Meeting
24D6940E,Gilmore LLC,James Patrick,inelson@example.com,312-703-5848x412,Container (40ft),Raw Materials,Food & Beverage,China,,Charleston,Japan,,Miami,3217,2535.05,2025-10-11,Urgent,Google Ads,In Progress,2025-10-18,2025-10-18,Close
E7A776DE,Mack-Shaw,Jessica Matthews,reyesdavid@example.com,+1-252-981-0037x63094,Express Delivery,Electronics,Food & Beverage,Argentina,,New Orleans,Germany,,Pittsburgh,7057,4988.04,2025-10-07,Medium,Cold Call,Negotiating,2025-10-26,2025-10-19,Close
3D3A4473,Wilcox Ltd,Grace Keller,danielchapman@example.com,860.797.2292x06554,LTL (Less Than Truckload),Food & Beverages,Food & Beverage,Argentina,,Memphis,India,,Pittsburgh,7764,3242.31,2025-08-21,Medium,Trade Show,Closed Won,2025-10-31,2025-10-19,Meeting
86AE2BF9,"Bender, Proctor and Duran",Mr. Charles Smith,ihubbard@example.org,780-612-8604x59669,Rail Freight,Pharmaceuticals,Healthcare,Japan,,Miami,Chile,,Birmingham,2480,3282.63,2025-09-03,Medium,Trade Show,In Progress,2025-10-19,2025-10-21,Call
32FE90DC,Alvarez Ltd,Brooke Walton,cruzjohn@example.net,+1-779-893-1824x95230,Container (20ft),Electronics,Electronics,China,,Miami,Germany,,Houston,5762,4240.75,2025-09-30,Low,Cold Call,Closed Lost,2025-10-23,2025-10-18,Meeting
3FF4B701,"Taylor, Crawford and Anderson",Jeffrey Smith,espinozajeremy@example.net,+1-204-565-1851x24837,FTL (Full Truck Load),Machinery,Energy,India,,Richmond,India,,Cleveland,1758,3136.02,2025-08-20,High,Trade Show,Closed Won,2025-11-10,2025-10-23,Email
A0DBA14A,Flores-Montoya,Randy Williams,aliciamedina@example.net,804.695.1960x0982,Container (20ft),Construction Materials,Pharmaceuticals,Australia,,Chicago,USA,IL,Miami,2539,4240.66,2025-09-02,Urgent,Trade Show,Qualified,2025-10-25,2025-10-18,Email
B7E212DC,Potts PLC,Shane Lambert,deleonvalerie@example.org,001-877-982-0746,Container (40ft HC),Textiles,Agriculture,China,,Seattle,Canada,,Charlotte,6235,4065.2,2025-09-16,High,Cold Call,Negotiating,2025-11-15,2025-10-17,Call
584D23D4,Medina Group,Crystal Warren,piercekaren@example.net,669-470-7063x743,Rail Freight,Textiles,Chemicals,UK,,Memphis,Mexico,,Atlanta,1457,1413.57,2025-08-25,Urgent,Referral,Closed Won,2025-11-11,2025-10-18,Call
1AFD9DC0,"Sanchez, Harris and Lyons",Timothy Cole,dixonjoel@example.org,+1-451-417-8897x00783,Container (40ft),Machinery,Chemicals,Japan,,Los Angeles,Spain,,Charleston,4057,1692.33,2025-09-22,Urgent,Google Ads,Proposal Sent,2025-11-10,2025-10-23,Follow-up
F1DE1AC6,Rose-Wise,Elizabeth Perry,znelson@example.org,929.351.3197x783,Container (40ft),Textiles,Technology,Argentina,,Atlanta,Brazil,,Charleston,3867,4310.46,2025-09-11,Medium,LinkedIn,Closed Won,2025-11-08,2025-10-20,Follow-up
1BC46B5B,Bell-Austin,Angela Watson,bennettdevon@example.org,(855)744-4674,Rail Freight,Chemicals,Electronics,South Korea,,Cleveland,India,,Cleveland,3234,1860.47,2025-09-20,Medium,Website,Closed Lost,2025-10-28,2025-10-21,Meeting
E7CEDB26,Orozco Ltd,Travis Evans,evan63@example.org,001-660-598-9058x09450,Drayage,Pharmaceuticals,Automotive,France,,Memphis,Spain,,Miami,5965,2367.74,2025-08-24,Urgent,Email Campaign,Qualified,2025-10-28,2025-10-23,Follow-up
20E8FE15,"Edwards, Lewis and Perez",Stephanie Wright,donald29@example.org,301.229.7763x4603,Rail Freight,Consumer Goods,Electronics,South Korea,,Pittsburgh,Belgium,,Philadelphia,3249,3269.13,2025-08-19,Urgent,LinkedIn,Qualified,2025-11-10,2025-10-17,Call
A8D29CE9,Garner-Riley,Kristen Lambert DDS,lauren80@example.org,(642)654-4711,Container (40ft),Food & Beverages,Energy,India,,Richmond,France,,New York,3789,4927.59,2025-09-30,Low,Cold Call,Closed Won,2025-10-19,2025-10-19,Follow-up
0CC5B173,Fisher and Sons,John Holland,michael48@example.org,5315289818,Container (20ft),Pharmaceuticals,Electronics,India,,Cleveland,Chile,,Miami,1278,4103.26,2025-09-17,Urgent,Trade Show,Closed Won,2025-10-29,2025-10-21,Close
EE99F48E,"Tran, Wilson and Williams",Connor Khan,wheelerbrian@example.com,646.344.0404,Rail Freight,Food & Beverages,Electronics,France,,Charlotte,UK,,Charlotte,7390,1903.15,2025-08-19,High,Social Media,Qualified,2025-11-12,2025-10-22,Proposal
B9E9CA17,Frazier Inc,Mathew Acevedo,mahoneyroberta@example.com,712-273-9645,Rail Freight,Industrial Equipment,Technology,Mexico,,Chicago,Australia,,Indianapolis,7772,3803.4,2025-09-20,Urgent,Social Media,In Progress,2025-11-10,2025-10-22,Close
765E8003,Manning-Cooper,Edwin Rodriguez,sarahclark@example.net,313-558-8509x01997,Container (40ft),Textiles,Automotive,China,,Birmingham,UK,,Detroit,6918,2974.28,2025-08-20,High,LinkedIn,Proposal Sent,2025-10-29,2025-10-23,Call
D451C5CF,"Lopez, Wong and Yoder",Andrew Lee,jadekhan@example.com,+1-906-382-7791x381,Intermodal,Pharmaceuticals,Energy,USA,AL,Los Angeles,USA,NY,Richmond,395,676.49,2025-08-28,Medium,Email Campaign,Negotiating,2025-10-22,2025-10-20,Email
931C6A96,"Mullen, Hopkins and Diaz",Jessica Scott,dukeandrew@example.org,(490)733-9897x0512,FTL (Full Truck Load),Food & Beverages,Manufacturing,France,,Pittsburgh,South Korea,,New Orleans,7068,4256.18,2025-09-11,High,Email Campaign,Negotiating,2025-10-17,2025-10-20,Call
AA903622,Mcdonald-Cochran,Blake Shah Jr.,msmith@example.com,001-980-591-1026,Container (40ft),Textiles,Technology,Netherlands,,Atlanta,USA,MS,Philadelphia,3668,4469.32,2025-08-22,Low,Google Ads,Negotiating,2025-10-17,2025-10-20,Follow-up
7847E697,Harvey Ltd,Derrick Conner,angelicacarter@example.org,358.949.5897x107,Container (20ft),Consumer Goods,Manufacturing,Canada,,Charlotte,UK,,Seattle,1434,955.09,2025-09-15,High,Google Ads,New,2025-10-28,2025-10-20,Close
EBA0FE3F,Bennett Ltd,David Cline,woodsgerald@example.net,+1-793-568-6433x1473,LTL (Less Than Truckload),Electronics,Healthcare,Australia,,New York,Italy,,New York,2412,4145.89,2025-10-01,Urgent,Social Media,Qualified,2025-10-17,2025-10-21,Call
CA16001D,Ortiz-Moore,Frederick Reid,erikfrye@example.org,919-273-8609,Drayage,Pharmaceuticals,Healthcare,Mexico,,Richmond,Chile,,New York,6079,882.31,2025-09-08,Urgent,Referral,Proposal Sent,2025-10-20,2025-10-18,Email
A2BB1338,Jones-Russo,Nathaniel Adams,fjackson@example.org,(618)272-7877x0512,FTL (Full Truck Load),Textiles,Healthcare,Brazil,,Phoenix,Canada,,Los Angeles,5390,2740.71,2025-09-25,Urgent,LinkedIn,Negotiating,2025-11-08,2025-10-17,Call
9100D9EA,Walker-Cantrell,John Harper,kduncan@example.com,(589)528-4094x3931,Container (20ft),Agricultural Products,Agriculture,Canada,,Cleveland,China,,Pittsburgh,6055,3440.26,2025-09-21,Urgent,Trade Show,Negotiating,2025-10-18,2025-10-18,Close
3DAA1657,Herrera Ltd,Sean Frazier,uhall@example.org,+1-416-612-6684x4535,LTL (Less Than Truckload),Industrial Equipment,Healthcare,Australia,,Indianapolis,Italy,,Richmond,2557,1647.2,2025-09-17,Medium,Email Campaign,Closed Lost,2025-10-19,2025-10-19,Email
3566352E,"Garcia, Evans and Hernandez",Rachel Beard,jilledwards@example.net,7623684038,Air Freight,Raw Materials,Agriculture,Netherlands,,Newark,UK,,Charleston,2666,1710.06,2025-09-09,Low,Email Campaign,Qualified,2025-11-12,2025-10-23,Follow-up
D2F13275,Vaughn-Robinson,Catherine Murillo,moorejessica@example.net,864-590-8325x359,Express Delivery,Pharmaceuticals,Food & Beverage,China,,Newark,Chile,,Pittsburgh,6262,3290.48,2025-10-02,Medium,Google Ads,Closed Lost,2025-11-08,2025-10-20,Follow-up
4980FAA3,Shaffer Group,Gregory Curry,jnelson@example.org,836.951.5293x43999,Drayage,Chemicals,Technology,Australia,,New York,Argentina,,Charlotte,7594,2872.96,2025-08-18,Urgent,Google Ads,Closed Won,2025-10-31,2025-10-18,Proposal
E258632C,"Cook, Parker and Jenkins",Heidi Schneider,sophia22@example.com,(931)824-8958x21536,Drayage,Chemicals,Automotive,Germany,,Memphis,Brazil,,Newark,7178,4089.4,2025-10-05,High,Website,In Progress,2025-10-29,2025-10-23,Close
E4A272A3,"Blackburn, Crane and Johnston",Donald Carney,gmeyer@example.com,877-807-5049,Container (40ft),Food & Beverages,Agriculture,Belgium,,Newark,China,,Charleston,2915,1733.93,2025-09-23,High,Social Media,Negotiating,2025-10-27,2025-10-20,Meeting
6B6E72E7,"Nunez, Jackson and Lewis",Michael Anderson,daviskenneth@example.com,(987)377-2380x4828,Air Freight,Chemicals,Agriculture,Italy,,New Orleans,Australia,,Newark,4521,1759.48,2025-09-09,Medium,LinkedIn,Closed Lost,2025-10-25,2025-10-21,Proposal
086C361D,Harris-Parker,Adrian Davis,wiseandrew@example.com,001-285-424-1013x4538,Drayage,Textiles,Chemicals,Netherlands,,Seattle,UK,,Charlotte,5230,713.51,2025-09-03,Medium,LinkedIn,Qualified,2025-10-26,2025-10-18,Email
11FD222E,Schneider-Kirby,Dennis Hernandez,klopez@example.net,001-884-682-6659x9515,Container (20ft),Industrial Equipment,Food & Beverage,Spain,,Pittsburgh,India,,Chicago,6889,2662.73,2025-09-15,Urgent,LinkedIn,New,2025-10-27,2025-10-21,Proposal
9B5530C4,Harper-Duncan,Renee Espinoza,hilllisa@example.net,960-634-7986x4669,Rail Freight,Raw Materials,Electronics,South Korea,,Los Angeles,Netherlands,,New York,7179,868.13,2025-09-10,Low,Referral,In Progress,2025-10-29,2025-10-17,Close
3E779106,"Carter, Le and Roberts",Lauren Miller,jimenezelizabeth@example.org,744-379-0242x21927,Container (40ft HC),Machinery,Chemicals,Australia,,Detroit,Spain,,Atlanta,2663,1676.27,2025-10-08,Urgent,Google Ads,Proposal Sent,2025-10-31,2025-10-20,Follow-up
E310B4F6,Trujillo PLC,Robert Erickson,jennifer29@example.net,236-603-2129x15274,FTL (Full Truck Load),Automotive Parts,Pharmaceuticals,Australia,,Miami,Australia,,Los Angeles,870,3397.77,2025-10-03,Urgent,Trade Show,In Progress,2025-11-11,2025-10-17,Email
CB829F36,Wade-Ramsey,Jeremy Lopez,escobarcynthia@example.net,404.278.5746x648,LTL (Less Than Truckload),Pharmaceuticals,Chemicals,Mexico,,Newark,India,,Seattle,2260,2573.3,2025-08-30,Medium,Cold Call,Closed Lost,2025-11-05,2025-10-19,Proposal
